q,answer
"Is Tesla worth buying?","【Conclusion】Absolutely worth buying new! 【Basis】Technology evolves rapidly, HW4.0 essential for latest features 【Risk】Rapid depreciation of older models 【Action】Test drive latest model"
"Tesla insurance cost","【Conclusion】15-30% higher than gas cars 【Basis】Higher repair costs for aluminum body and sensors 【Risk】First year premiums highest 【Action】Get multiple quotes"
"Winter range loss","【Conclusion】Expect 20-40% reduction in freezing temps 【Basis】Battery less efficient, heating consumes power 【Risk】More frequent charging needed 【Action】Precondition battery while plugged in"
"Home charging installation","【Conclusion】Essential for best EV experience 【Basis】Overnight charging ensures full battery daily 【Risk】Installation costs vary 【Action】Consult certified electrician"
"Model 3 vs Model Y","【Conclusion】Model 3 for enjoyment, Model Y for family 【Basis】Model 3 sportier, Model Y more spacious 【Risk】Wrong choice affects satisfaction 【Action】Test drive both"
"Long range vs standard range","【Conclusion】Standard Range better for most users 【Basis】LFP batteries can charge to 100% daily 【Risk】Extra cost may not provide benefits 【Action】Analyze daily needs"
"Supercharging network","【Conclusion】Best public charging available 【Basis】Extensive coverage, fast charging speeds 【Risk】Peak pricing expensive 【Action】Use for trips, home for daily"
"Battery degradation","【Conclusion】Minimal with modern batteries 【Basis】LFP maintains capacity better 【Risk】Avoid frequent 0-100% on NMC 【Action】Follow recommended practices"
"FSD capability","【Conclusion】Expensive but impressive 【Basis】Continuously improving with updates 【Risk】High upfront cost 【Action】Try subscription first"
"Delivery checklist","【Conclusion】Thorough inspection essential 【Basis】Check panel gaps, paint, electronics 【Risk】Issues harder to fix later 【Action】Take time inspecting"
"Maintenance costs","【Conclusion】Significantly lower than gas cars 【Basis】No oil changes, brake pads last longer 【Risk】Tire replacement more frequent 【Action】Rotate tires regularly"
"Charging time","【Conclusion】Home: overnight, Supercharging: 15-30min 【Basis】Level 2: 6-8 hours, Supercharger: 15min for 200 miles 【Risk】Cold weather increases time 【Action】Plan around schedule"
"Resale value","【Conclusion】Stronger than most luxury cars 【Basis】High demand, software updates keep current 【Risk】New models impact values 【Action】Consider 3-5 year cycle"
"Warranty coverage","【Conclusion】Comprehensive 4-year/50,000-mile 【Basis】Battery: 8 years/100,000+ miles 【Risk】Out-of-warranty expensive 【Action】Understand terms"
"Best Tesla for families","【Conclusion】Model Y is best for families 【Basis】More space, easier access, optional 7-seater 【Risk】Higher price than Model 3 【Action】Test with car seats"
"Tesla in snow","【Conclusion】Excellent with proper tires 【Basis】Low center of gravity, dual motor traction 【Risk】Range reduced in cold 【Action】Install winter tires"
"Charging at apartment","【Conclusion】Challenging but possible 【Basis】Use public charging, workplace charging 【Risk】Inconvenient without dedicated spot 【Action】Research local options"
"Tesla safety features","【Conclusion】Industry-leading safety 【Basis】5-star ratings, active safety systems 【Risk】Over-reliance on automation 【Action】Always pay attention"
"Software updates","【Conclusion】Regular free updates improve car 【Basis】New features, performance improvements 【Risk】Occasional bugs 【Action】Install when convenient"
"Tesla road trip planning","【Conclusion】Easy with built-in navigation 【Basis】Automatically plans charging stops 【Risk】Cold weather affects range 【Action】Trust the system"